date,time,source_url,heading,description,published_at,heading_key,publisher_domain,age_days,text,sentiment_score,publication_day
2026-06-24,07:00:00 UTC,https://finance.yahoo.com/markets/stocks/articles/nike-nke-falls-more-steeply-215005553.html,Nike (NKE) Falls More Steeply Than Broader Market: What Investors Need to Know,"Nike (NKE) Falls More Steeply Than Broader Market: What Investors Need to Know ... Nike (NKE) ended the recent trading session at $41.82, demonstrating a -1.32%...",2026-06-24 07:00:00+00:00,nike nke falls more steeply than broader market what investors need to know,finance.yahoo.com,83,"Nike (NKE) Falls More Steeply Than Broader Market: What Investors Need to Know. Nike (NKE) Falls More Steeply Than Broader Market: What Investors Need to Know ... Nike (NKE) ended the recent trading session at $41.82, demonstrating a -1.32%...",0.0,2026-06-24
2026-06-26,07:00:00 UTC,https://www.investopedia.com/nike-reports-earnings-tuesday-here-is-how-much-traders-expect-the-stock-could-move-nke-q4-fy2026-12005899,Nike Reports Earnings Tuesday. Here's How Much Traders Expect the Stock Could Move,"Nike's next earnings report is due Tuesday afternoon, with traders anticipating its stock could swing up to 8% by the end of the week following the results.",2026-06-26 07:00:00+00:00,nike reports earnings tuesday here s how much traders expect the stock could move,investopedia.com,81,"Nike Reports Earnings Tuesday. Here's How Much Traders Expect the Stock Could Move. Nike's next earnings report is due Tuesday afternoon, with traders anticipating its stock could swing up to 8% by the end of the week following the results.",0.0,2026-06-26
2026-06-28,07:00:00 UTC,https://finance.yahoo.com/markets/stocks/articles/earnings-watch-nike-nke-reports-030052713.html,Earnings To Watch: Nike (NKE) Reports Q2 Results Tomorrow,Earnings To Watch: Nike (NKE) Reports Q2 Results Tomorrow ... Athletic apparel brand Nike (NYSE:NKE) will be reporting results this Tuesday after market hours.,2026-06-28 07:00:00+00:00,earnings to watch nike nke reports q2 results tomorrow,finance.yahoo.com,79,Earnings To Watch: Nike (NKE) Reports Q2 Results Tomorrow. Earnings To Watch: Nike (NKE) Reports Q2 Results Tomorrow ... Athletic apparel brand Nike (NYSE:NKE) will be reporting results this Tuesday after market hours.,0.0,2026-06-28
2026-06-30,07:00:00 UTC,https://www.quiverquant.com/news/Nike+%28NKE%29+Stock+Falls+on+Q4+2026+Earnings,Nike (NKE) Stock Falls on Q4 2026 Earnings,Nike (NKE) Stock Falls on Q4 2026 Earnings · Revenue: $11.0 billion · Operating profit: $1.3 billion · Net income: $1.1 billion · Diluted EPS: $0.72. Shares...,2026-06-30 07:00:00+00:00,nike nke stock falls on q4 2026 earnings,quiverquant.com,77,Nike (NKE) Stock Falls on Q4 2026 Earnings. Nike (NKE) Stock Falls on Q4 2026 Earnings · Revenue: $11.0 billion · Operating profit: $1.3 billion · Net income: $1.1 billion · Diluted EPS: $0.72. Shares...,0.6249,2026-06-30
2026-06-30,07:00:00 UTC,https://www.cnbc.com/2026/06/30/nike-nke-q4-2026-earnings.html,Nike results top estimates even as China sales drop 12%; retailer expects $986 million tariff refund,"Nike reported earnings and revenue that beat Wall Street expectations. Still, the company reported a 12% drop in sales in its Greater China market.",2026-06-30 07:00:00+00:00,nike results top estimates even as china sales drop 12 retailer expects 986 million tariff refund,cnbc.com,77,"Nike results top estimates even as China sales drop 12%; retailer expects $986 million tariff refund. Nike reported earnings and revenue that beat Wall Street expectations. Still, the company reported a 12% drop in sales in its Greater China market.",0.0258,2026-06-30
2026-06-30,07:00:00 UTC,https://wwd.com/footwear-news/shoe-industry-news/nike-nke-q4-2026-earnings-tariff-refunds-converse-1239048640/,Tariff Refunds Could Be a Boon for Nike as Company Posts Solid Q4 Beat,"Nike NKE Q4 2026 earnings are in: the athletic company saw net sales in the fourth quarter of $10.97 billion, down 1 percent from same time last year.",2026-06-30 07:00:00+00:00,tariff refunds could be a boon for nike as company posts solid q4 beat,wwd.com,77,"Tariff Refunds Could Be a Boon for Nike as Company Posts Solid Q4 Beat. Nike NKE Q4 2026 earnings are in: the athletic company saw net sales in the fourth quarter of $10.97 billion, down 1 percent from same time last year.",0.1531,2026-06-30
2026-06-30,07:00:00 UTC,https://stockstory.org/us/stocks/nyse/nke/news/earnings/nike-nysenke-surprises-with-q2-cy2026-sales,Nike (NYSE:NKE) Surprises With Q2 CY2026 Sales,"In Q2, Nike reported EPS of $0.72, up from $0.14 in the same quarter last year. This print easily cleared analysts' estimates, and shareholders should be...",2026-06-30 07:00:00+00:00,nike nyse nke surprises with q2 cy2026 sales,stockstory.org,77,"Nike (NYSE:NKE) Surprises With Q2 CY2026 Sales. In Q2, Nike reported EPS of $0.72, up from $0.14 in the same quarter last year. This print easily cleared analysts' estimates, and shareholders should be...",0.5719,2026-06-30
2026-07-01,07:00:00 UTC,https://finance.yahoo.com/markets/stocks/article/nikes-latest-weak-quarter-explained-in-4-charts-120451301.html,Nike's latest weak quarter explained in 4 charts,"The only thing Nike (NKE) is ""just doing"" is serving up another post-earnings day stock slide because its results were far from a slam dunk.",2026-07-01 07:00:00+00:00,nike s latest weak quarter explained in 4 charts,finance.yahoo.com,76,"Nike's latest weak quarter explained in 4 charts. The only thing Nike (NKE) is ""just doing"" is serving up another post-earnings day stock slide because its results were far from a slam dunk.",-0.6705,2026-07-01
2026-07-01,07:00:00 UTC,https://seekingalpha.com/news/4608893-nikes-turnaround-remains-a-marathon-but-wall-street-remains-hopeful,"Nike's turnaround remains a marathon, but Wall Street remains hopeful (NKE:NYSE)","Nike's turnaround remains a marathon, but Wall Street remains hopeful ... The verdict is in: Nike's (NKE) fiscal fourth-quarter results topped expectations, but...",2026-07-01 07:00:00+00:00,nike s turnaround remains a marathon but wall street remains hopeful nke nyse,seekingalpha.com,76,"Nike's turnaround remains a marathon, but Wall Street remains hopeful (NKE:NYSE). Nike's turnaround remains a marathon, but Wall Street remains hopeful ... The verdict is in: Nike's (NKE) fiscal fourth-quarter results topped expectations, but...",0.8957,2026-07-01
2026-07-01,07:00:00 UTC,https://www.benzinga.com/quote/NKE,"Nike Inc (NKE) Stock Price, Quote, News & History","What is the current price for Nike (NKE)?. A. The stock price for Nike (NYSE: NKE) is $36.68 last updated September 14, 2026 at 7:20 AM EDT.",2026-07-01 07:00:00+00:00,nike inc nke stock price quote news history,benzinga.com,76,"Nike Inc (NKE) Stock Price, Quote, News & History. What is the current price for Nike (NKE)?. A. The stock price for Nike (NYSE: NKE) is $36.68 last updated September 14, 2026 at 7:20 AM EDT.",0.0,2026-07-01
2026-07-01,07:00:00 UTC,https://www.fool.com/investing/2026/07/01/is-nike-a-buy-after-its-latest-earnings-report/,Is Nike a Buy After Its Latest Earnings Report?,"Nike (NKE -2.24%) delivered another middling quarter on Tuesday afternoon, but investors had a surprising response. After the stock fell as much as double...",2026-07-01 07:00:00+00:00,is nike a buy after its latest earnings report,fool.com,76,"Is Nike a Buy After Its Latest Earnings Report?. Nike (NKE -2.24%) delivered another middling quarter on Tuesday afternoon, but investors had a surprising response. After the stock fell as much as double...",0.3919,2026-07-01
2026-07-01,07:00:00 UTC,https://www.morningstar.com/stocks/nike-earnings-transformation-progress-overshadowed-by-near-term-challenges,Nike Earnings: Transformation Progress Overshadowed by Near-Term Challenges,"We expect to reduce our fair value estimate for Nike stock, given the soft near-term outlook.",2026-07-01 07:00:00+00:00,nike earnings transformation progress overshadowed by near term challenges,morningstar.com,76,"Nike Earnings: Transformation Progress Overshadowed by Near-Term Challenges. We expect to reduce our fair value estimate for Nike stock, given the soft near-term outlook.",0.7783,2026-07-01
2026-07-01,07:00:00 UTC,https://www.tikr.com/blog/nike-nyse-nke-stock-beats-quarterly-expectations-despite-continued-sales-slump-in-china,Nike Stock Beats Quarterly Expectations Despite Continued Sales Slump in China,Price change for Nike stock in last 6 months: -35%; $NKE Share Price as of Jun. 30: $41; 52-Week High: $80; $NKE Stock Price Target: $55.,2026-07-01 07:00:00+00:00,nike stock beats quarterly expectations despite continued sales slump in china,tikr.com,76,Nike Stock Beats Quarterly Expectations Despite Continued Sales Slump in China. Price change for Nike stock in last 6 months: -35%; $NKE Share Price as of Jun. 30: $41; 52-Week High: $80; $NKE Stock Price Target: $55.,0.296,2026-07-01
2026-07-14,07:00:00 UTC,https://www.trefis.com/stock/nke/articles/606845/has-nike-stocks-direct-to-consumer-engine-stalled-for-good/2026-07-14,Has Nike Stock’s Direct-to-Consumer Engine Stalled For Good?,"The company's once-touted digital strategy has been quietly sidelined as sales in the channel decline, shifting the weight of the business back to a slower,...",2026-07-14 07:00:00+00:00,has nike stock s direct to consumer engine stalled for good,trefis.com,63,"Has Nike Stock’s Direct-to-Consumer Engine Stalled For Good?. The company's once-touted digital strategy has been quietly sidelined as sales in the channel decline, shifting the weight of the business back to a slower,...",0.2732,2026-07-14
2026-07-14,07:00:00 UTC,https://www.quiverquant.com/news/Fund+Update%3A+506%2C975+NIKE+%28NKE%29+shares+added+to+Douglas+Lane+%26+Associates%2C+LLC+portfolio,"Fund Update: 506,975 NIKE (NKE) shares added to Douglas Lane & Associates, LLC portfolio","Fund Update: 506,975 NIKE (NKE) shares added to Douglas Lane & Associates, LLC portfolio ... Douglas Lane & Associates, LLC has added 506,975 shares of $NKE to...",2026-07-14 07:00:00+00:00,fund update 506 975 nike nke shares added to douglas lane associates llc portfolio,quiverquant.com,63,"Fund Update: 506,975 NIKE (NKE) shares added to Douglas Lane & Associates, LLC portfolio. Fund Update: 506,975 NIKE (NKE) shares added to Douglas Lane & Associates, LLC portfolio ... Douglas Lane & Associates, LLC has added 506,975 shares of $NKE to...",0.6808,2026-07-14
2026-07-17,07:00:00 UTC,https://simplywall.st/stocks/us/consumer-durables/nyse-nke/nike/news/nike-nke-stock-faces-margin-slippage-as-67-profitability-tes,Nike (NKE) Stock Faces Margin Slippage As 6.7% Profitability Tests Bullish Narratives,Nike (NKE) Stock Faces Margin Slippage As 6.7% Profitability Tests Bullish Narratives · Nike's 6.7% Margin Meets Slower 2.4% Revenue Growth · P/E Of 20.9x...,2026-07-17 07:00:00+00:00,nike nke stock faces margin slippage as 6 7 profitability tests bullish narratives,simplywall.st,60,Nike (NKE) Stock Faces Margin Slippage As 6.7% Profitability Tests Bullish Narratives. Nike (NKE) Stock Faces Margin Slippage As 6.7% Profitability Tests Bullish Narratives · Nike's 6.7% Margin Meets Slower 2.4% Revenue Growth · P/E Of 20.9x...,0.7003,2026-07-17
2026-07-21,07:00:00 UTC,https://finance.yahoo.com/markets/stocks/articles/bull-case-nike-nke-could-170924202.html,The Bull Case For NIKE (NKE) Could Change Following Missed World Cup Moment And Brand Relevance Questions,"The completion of Nike's US$12,124.68 million buyback, retiring 124,360,522 shares, is the most relevant recent announcement here, because it tightens the link...",2026-07-21 07:00:00+00:00,the bull case for nike nke could change following missed world cup moment and brand relevance questions,finance.yahoo.com,56,"The Bull Case For NIKE (NKE) Could Change Following Missed World Cup Moment And Brand Relevance Questions. The completion of Nike's US$12,124.68 million buyback, retiring 124,360,522 shares, is the most relevant recent announcement here, because it tightens the link...",0.0,2026-07-21
2026-07-28,07:00:00 UTC,https://finance.yahoo.com/markets/stocks/articles/nike-nke-stock-looks-cheap-020813121.html,Nike (NKE) Stock Looks Cheap On Earnings But Pricey On Cash Flow,"Overall, the Discounted Cash Flow view suggests NIKE stock appears roughly fairly valued, with only a small tilt toward overvalued at current prices. NIKE is...",2026-07-28 07:00:00+00:00,nike nke stock looks cheap on earnings but pricey on cash flow,finance.yahoo.com,49,"Nike (NKE) Stock Looks Cheap On Earnings But Pricey On Cash Flow. Overall, the Discounted Cash Flow view suggests NIKE stock appears roughly fairly valued, with only a small tilt toward overvalued at current prices. NIKE is...",0.631,2026-07-28
2026-08-04,07:00:00 UTC,https://seekingalpha.com/news/4624625-nike-downgraded-as-win-now-will-create-lingering-financial-headwinds---jp-morgan,Nike downgraded as 'Win Now' will create lingering financial headwinds -- J.P. Morgan (NKE:NYSE),Nike downgraded as 'Win Now' will create lingering financial headwinds -- J.P. Morgan ... Coupled with continued headwinds in China and challenges with its...,2026-08-04 07:00:00+00:00,nike downgraded as win now will create lingering financial headwinds j p morgan nke nyse,seekingalpha.com,42,Nike downgraded as 'Win Now' will create lingering financial headwinds -- J.P. Morgan (NKE:NYSE). Nike downgraded as 'Win Now' will create lingering financial headwinds -- J.P. Morgan ... Coupled with continued headwinds in China and challenges with its...,0.9022,2026-08-04
2026-08-17,07:00:00 UTC,https://www.tradingkey.com/analysis/stocks/us-stocks/262113880-why-nike-stock-12-year-low-shares-plunge-78-from-2021-peak-tradingkey,"Why Nike Stock Hit a 12-Year Low, Down 78% From Its 2021 Peak","TradingKey - Nike (NKE), which once swept global markets with its ""Just Do It"" slogan and Air Jordan series, is currently experiencing a prolonged slump...",2026-08-17 07:00:00+00:00,why nike stock hit a 12 year low down 78 from its 2021 peak,tradingkey.com,29,"Why Nike Stock Hit a 12-Year Low, Down 78% From Its 2021 Peak. TradingKey - Nike (NKE), which once swept global markets with its ""Just Do It"" slogan and Air Jordan series, is currently experiencing a prolonged slump...",-0.2732,2026-08-17
2026-08-18,07:00:00 UTC,https://247wallst.com/investing/2026/08/18/nike-keeps-tanking-one-pro-expects-85-returns-moving-forward/,Nike Keeps Tanking: One Pro Expects 85% Returns Moving Forward,"Nike has shed nearly half its value in a year while executives quietly sold millions in shares, yet one analyst team is holding a price target that would...",2026-08-18 07:00:00+00:00,nike keeps tanking one pro expects 85 returns moving forward,247wallst.com,28,"Nike Keeps Tanking: One Pro Expects 85% Returns Moving Forward. Nike has shed nearly half its value in a year while executives quietly sold millions in shares, yet one analyst team is holding a price target that would...",0.5574,2026-08-18
2026-08-18,07:00:00 UTC,https://www.indmoney.com/blog/us-stocks/nike-stock-analysis-is-nke-stock-a-buy,Nike Stock Analysis: Is NKE a Buy at a 12-Year Low?,"Our conclusion is uncomfortable but clear: Nike is a great brand sitting inside a weak earnings cycle, and NKE stock is not yet a compelling full-position buy...",2026-08-18 07:00:00+00:00,nike stock analysis is nke a buy at a 12 year low,indmoney.com,28,"Nike Stock Analysis: Is NKE a Buy at a 12-Year Low?. Our conclusion is uncomfortable but clear: Nike is a great brand sitting inside a weak earnings cycle, and NKE stock is not yet a compelling full-position buy...",0.4312,2026-08-18
2026-08-18,07:00:00 UTC,https://www.quiverquant.com/news/Why+Nike+(NKE)+Stock+Is+Up+Today,Why Nike (NKE) Stock Is Up Today,Nike (NKE) is up 3.2% today. Here is some analysis on what might have caused this price movement.Ana.,2026-08-18 07:00:00+00:00,why nike nke stock is up today,quiverquant.com,28,Why Nike (NKE) Stock Is Up Today. Nike (NKE) is up 3.2% today. Here is some analysis on what might have caused this price movement.Ana.,0.0,2026-08-18
2026-08-19,07:00:00 UTC,https://seekingalpha.com/news/4635073-nike-pulls-back-on-its-small-neighborhood-store-concept,Nike pulls back on its small neighborhood store concept (NKE:NYSE),"Nike pulls back on its small neighborhood store concept ... Nike (NKE) has closed as many as 14 of its neighborhood-based, small-format Nike Live stores,...",2026-08-19 07:00:00+00:00,nike pulls back on its small neighborhood store concept nke nyse,seekingalpha.com,27,"Nike pulls back on its small neighborhood store concept (NKE:NYSE). Nike pulls back on its small neighborhood store concept ... Nike (NKE) has closed as many as 14 of its neighborhood-based, small-format Nike Live stores,...",0.0,2026-08-19
2026-08-19,07:00:00 UTC,https://finance.yahoo.com/markets/stocks/articles/nike-nke-craters-lows-insiders-142600448.html,"As Nike (NKE) Craters to New Lows, Insiders Are Buying This Rival On The Dip","As Nike (NKE) Craters to New Lows, Insiders Are Buying This Rival On The Dip. The media could not be loaded, either because the server or network failed or...",2026-08-19 07:00:00+00:00,as nike nke craters to new lows insiders are buying this rival on the dip,finance.yahoo.com,27,"As Nike (NKE) Craters to New Lows, Insiders Are Buying This Rival On The Dip. As Nike (NKE) Craters to New Lows, Insiders Are Buying This Rival On The Dip. The media could not be loaded, either because the server or network failed or...",-0.7096,2026-08-19
2026-08-20,07:00:00 UTC,https://www.quiverquant.com/news/Nike+Stock+%28NKE%29+Opinions+on+Prolonged+Stock+Decline,Nike Stock (NKE) Opinions on Prolonged Stock Decline,"Multiple analysts have issued price targets for $NKE recently. We have seen 22 analysts offer price targets for $NKE in the last 6 months, with a median target...",2026-08-20 07:00:00+00:00,nike stock nke opinions on prolonged stock decline,quiverquant.com,26,"Nike Stock (NKE) Opinions on Prolonged Stock Decline. Multiple analysts have issued price targets for $NKE recently. We have seen 22 analysts offer price targets for $NKE in the last 6 months, with a median target...",0.0,2026-08-20
2026-08-25,07:00:00 UTC,https://finance.yahoo.com/markets/stocks/articles/nike-nke-stock-slides-market-214503082.html,Nike (NKE) Stock Slides as Market Rises: Facts to Know Before You Trade,"Nike (NKE) Stock Slides as Market Rises: Facts to Know Before You Trade ... Nike (NKE) ended the recent trading session at $39.48, demonstrating a -3.12% change...",2026-08-25 07:00:00+00:00,nike nke stock slides as market rises facts to know before you trade,finance.yahoo.com,21,"Nike (NKE) Stock Slides as Market Rises: Facts to Know Before You Trade. Nike (NKE) Stock Slides as Market Rises: Facts to Know Before You Trade ... Nike (NKE) ended the recent trading session at $39.48, demonstrating a -3.12% change...",0.0,2026-08-25
2026-08-27,07:00:00 UTC,https://finance.yahoo.com/markets/stocks/articles/nike-nke-stock-looks-undervalued-141656909.html,Nike (NKE) Stock Looks Undervalued On Earnings But Fairly Valued On Cash Flow,"Nike (NKE) Stock Looks Undervalued On Earnings But Fairly Valued On Cash Flow · Over the past 5 years, Nike shares have fallen about 74.6%, which shows how...",2026-08-27 07:00:00+00:00,nike nke stock looks undervalued on earnings but fairly valued on cash flow,finance.yahoo.com,19,"Nike (NKE) Stock Looks Undervalued On Earnings But Fairly Valued On Cash Flow. Nike (NKE) Stock Looks Undervalued On Earnings But Fairly Valued On Cash Flow · Over the past 5 years, Nike shares have fallen about 74.6%, which shows how...",0.8047,2026-08-27
2026-09-03,07:00:00 UTC,https://www.fool.com/investing/2026/09/03/whats-wrong-with-nike-stock/,What's Wrong With Nike Stock?,"Nike (NKE +0.07%) is the largest athletic apparel and footwear company in the world, by far. However, although it's still the leader, cracks are letting in...",2026-09-03 07:00:00+00:00,what s wrong with nike stock,fool.com,12,"What's Wrong With Nike Stock?. Nike (NKE +0.07%) is the largest athletic apparel and footwear company in the world, by far. However, although it's still the leader, cracks are letting in...",-0.4767,2026-09-03
2026-09-03,07:00:00 UTC,https://www.thestreet.com/investing/stocks/nke-nike-stock-undervalued-or-value-trap,"Down almost 80%, is Nike stock undervalued or a value trap?","Why Nike stock is under pressure. Nike's revenue has dropped from $51.2 billion in fiscal 2023 (ended in May) to $46.4 billion in fiscal 2026. Moreover, its...",2026-09-03 07:00:00+00:00,down almost 80 is nike stock undervalued or a value trap,thestreet.com,12,"Down almost 80%, is Nike stock undervalued or a value trap?. Why Nike stock is under pressure. Nike's revenue has dropped from $51.2 billion in fiscal 2023 (ended in May) to $46.4 billion in fiscal 2026. Moreover, its...",-0.2732,2026-09-03
2026-09-07,04:33:48 UTC,https://seekingalpha.com/news/4640534-nike-booted-from-sp-100-after-nearly-18-year-run,Nike booted from S&P 100 after nearly 18-year run (NKE:NYSE),Nike (NKE) exits the S&P 100 on Sept. 21 in the quarterly rebalance; learn why its market cap fell and what the tech-heavy reshuffle signals—read now.,2026-09-07 04:33:48+00:00,nike booted from s p 100 after nearly 18 year run nke nyse,seekingalpha.com,8,Nike booted from S&P 100 after nearly 18-year run (NKE:NYSE). Nike (NKE) exits the S&P 100 on Sept. 21 in the quarterly rebalance; learn why its market cap fell and what the tech-heavy reshuffle signals—read now.,0.0,2026-09-07
2026-09-08,09:33:47 UTC,https://simplywall.st/stocks/us/consumer-durables/nyse-nke/nike/news/nike-nke-leaves-the-sp-100-as-tech-takes-its-slot,Nike (NKE) Leaves The S&P 100 As Tech Takes Its Slot,Nike (NYSE:NKE) is set to be removed from the S&P 100 index after a multiyear market value decline. The vacated slot will be filled by multiple large...,2026-09-08 09:33:47+00:00,nike nke leaves the s p 100 as tech takes its slot,simplywall.st,7,Nike (NKE) Leaves The S&P 100 As Tech Takes Its Slot. Nike (NYSE:NKE) is set to be removed from the S&P 100 index after a multiyear market value decline. The vacated slot will be filled by multiple large...,0.34,2026-09-08
2026-09-08,09:36:15 UTC,https://www.moomoo.com/community/feed/nike-nke-us-117234740428806,$Nike (NKE.US)$,Nike (NKE.US)$,2026-09-08 09:36:15+00:00,nike nke us,moomoo.com,7,$Nike (NKE.US)$. Nike (NKE.US)$,0.0,2026-09-08
2026-09-09,07:00:00 UTC,https://finance.yahoo.com/markets/stocks/articles/nike-nke-dips-more-broader-215005950.html,Nike (NKE) Dips More Than Broader Market: What You Should Know,"Nike (NKE) reached $37.35 at the closing of the latest trading day, reflecting a -1.97% change compared to its last close.",2026-09-09 07:00:00+00:00,nike nke dips more than broader market what you should know,finance.yahoo.com,6,"Nike (NKE) Dips More Than Broader Market: What You Should Know. Nike (NKE) reached $37.35 at the closing of the latest trading day, reflecting a -1.97% change compared to its last close.",0.1027,2026-09-09
2026-09-11,18:58:00 UTC,https://247wallst.com/investing/2026/09/11/nike-is-now-down-40-this-year-is-nke-stock-dead-money-or-due-for-a-bounce/,Nike Is Now Down 40% This Year. Is NKE Stock Dead Money or Due for a Bounce?,"Nike stock has fallen 40% year to date to $37, raising the question of whether it's dead money or set for a category-driven bounce. On Holding is down 41%...",2026-09-11 18:58:00+00:00,nike is now down 40 this year is nke stock dead money or due for a bounce,247wallst.com,4,"Nike Is Now Down 40% This Year. Is NKE Stock Dead Money or Due for a Bounce?. Nike stock has fallen 40% year to date to $37, raising the question of whether it's dead money or set for a category-driven bounce. On Holding is down 41%...",-0.9022,2026-09-11
2026-09-12,00:24:27 UTC,https://simplywall.st/stocks/us/consumer-durables/nyse-nke/nike/news/nike-nke-launches-nke-stock-token-on-solana,Nike (NKE) Launches $NKE Stock Token On Solana,"Nike (NYSE:NKE) launched a $NKE stock token on the Solana blockchain through Sunrise, opening onchain access to its equity. The tokenized format allows...",2026-09-12 00:24:27+00:00,nike nke launches nke stock token on solana,simplywall.st,4,"Nike (NKE) Launches $NKE Stock Token On Solana. Nike (NYSE:NKE) launched a $NKE stock token on the Solana blockchain through Sunrise, opening onchain access to its equity. The tokenized format allows...",0.128,2026-09-11
